Instancia,Rodada,Semente,Makespan,Tempo_Segundos
100x12_U_1_100_S_49_rep_1.txt,1,1,364.0,7.271709099994041
100x12_U_1_100_S_49_rep_1.txt,2,2,369.0,6.646814500039909
100x12_U_1_100_S_49_rep_1.txt,3,3,356.0,6.777505700010806
100x12_U_1_100_S_49_rep_1.txt,4,4,379.0,7.193855000019539
100x12_U_1_100_S_49_rep_1.txt,5,5,373.0,6.882954600034282
100x12_U_1_100_S_49_rep_1.txt,6,6,378.0,6.896074399992358
100x12_U_1_100_S_49_rep_1.txt,7,7,373.0,6.890315199969336
100x12_U_1_100_S_49_rep_1.txt,8,8,367.0,6.596529200032819
100x12_U_1_100_S_49_rep_1.txt,9,9,392.0,6.670849899994209
100x12_U_1_100_S_49_rep_1.txt,10,10,370.0,6.500616099976469
100x12_U_1_100_S_49_rep_1.txt,11,11,380.0,6.748882699990645
100x12_U_1_100_S_49_rep_1.txt,12,12,357.0,6.571771799994167
100x12_U_1_100_S_49_rep_1.txt,13,13,386.0,7.583390399988275
100x12_U_1_100_S_49_rep_1.txt,14,14,367.0,6.791996499989182
100x12_U_1_100_S_49_rep_1.txt,15,15,378.0,6.981243299960624
100x12_U_1_100_S_49_rep_1.txt,16,16,394.0,6.911206099961419
100x12_U_1_100_S_49_rep_1.txt,17,17,360.0,6.678356900054496
100x12_U_1_100_S_49_rep_1.txt,18,18,350.0,7.175529700005427
100x12_U_1_100_S_49_rep_1.txt,19,19,385.0,6.440388199989684
100x12_U_1_100_S_49_rep_1.txt,20,20,372.0,7.3818745000171475
100x12_U_1_100_S_49_rep_1.txt,21,21,374.0,6.9918031000415795
100x12_U_1_100_S_49_rep_1.txt,22,22,347.0,7.4711025999858975
100x12_U_1_100_S_49_rep_1.txt,23,23,373.0,7.992866800050251
100x12_U_1_100_S_49_rep_1.txt,24,24,359.0,7.515288700000383
100x12_U_1_100_S_49_rep_1.txt,25,25,377.0,7.705898599990178
100x12_U_1_100_S_49_rep_1.txt,26,26,380.0,7.189042999991216
100x12_U_1_100_S_49_rep_1.txt,27,27,358.0,7.549726800003555
100x12_U_1_100_S_49_rep_1.txt,28,28,353.0,7.111534999974538
100x12_U_1_100_S_49_rep_1.txt,29,29,354.0,7.263508900010493
100x12_U_1_100_S_49_rep_1.txt,30,30,360.0,6.511185800016392
100x4_U_1_100_S_49_rep_1.txt,1,1,946.0,9.847912700031884
100x4_U_1_100_S_49_rep_1.txt,2,2,938.0,8.818831799959298
100x4_U_1_100_S_49_rep_1.txt,3,3,918.0,8.207883399969433
100x4_U_1_100_S_49_rep_1.txt,4,4,913.0,6.305557600047905
100x4_U_1_100_S_49_rep_1.txt,5,5,921.0,8.72891730000265
100x4_U_1_100_S_49_rep_1.txt,6,6,922.0,7.575818499957677
100x4_U_1_100_S_49_rep_1.txt,7,7,927.0,6.48340659996029
100x4_U_1_100_S_49_rep_1.txt,8,8,943.0,7.533180099970195
100x4_U_1_100_S_49_rep_1.txt,9,9,960.0,8.507056100002956
100x4_U_1_100_S_49_rep_1.txt,10,10,956.0,9.257284499995876
100x4_U_1_100_S_49_rep_1.txt,11,11,925.0,8.630673800013028
100x4_U_1_100_S_49_rep_1.txt,12,12,909.0,8.605397899984382
100x4_U_1_100_S_49_rep_1.txt,13,13,950.0,9.304119800042827
100x4_U_1_100_S_49_rep_1.txt,14,14,899.0,8.491055299993604
100x4_U_1_100_S_49_rep_1.txt,15,15,943.0,8.243841500021517
100x4_U_1_100_S_49_rep_1.txt,16,16,956.0,9.475653100002091
100x4_U_1_100_S_49_rep_1.txt,17,17,934.0,8.252389799978118
100x4_U_1_100_S_49_rep_1.txt,18,18,915.0,7.5190928999800235
100x4_U_1_100_S_49_rep_1.txt,19,19,976.0,8.735795599990524
100x4_U_1_100_S_49_rep_1.txt,20,20,902.0,8.927490800037049
100x4_U_1_100_S_49_rep_1.txt,21,21,971.0,9.067864800046664
100x4_U_1_100_S_49_rep_1.txt,22,22,901.0,7.775355699995998
100x4_U_1_100_S_49_rep_1.txt,23,23,940.0,9.254601399996318
100x4_U_1_100_S_49_rep_1.txt,24,24,894.0,8.781380600004923
100x4_U_1_100_S_49_rep_1.txt,25,25,947.0,9.463851600012276
100x4_U_1_100_S_49_rep_1.txt,26,26,930.0,9.108404200000223
100x4_U_1_100_S_49_rep_1.txt,27,27,966.0,9.087309000024106
100x4_U_1_100_S_49_rep_1.txt,28,28,945.0,10.19817879999755
100x4_U_1_100_S_49_rep_1.txt,29,29,924.0,8.554465000052005
100x4_U_1_100_S_49_rep_1.txt,30,30,944.0,9.094713300000876
100x8_U_1_100_S_49_rep_1.txt,1,1,534.0,8.86503129999619
100x8_U_1_100_S_49_rep_1.txt,2,2,519.0,7.862845099996775
100x8_U_1_100_S_49_rep_1.txt,3,3,508.0,8.371147600002587
100x8_U_1_100_S_49_rep_1.txt,4,4,472.0,7.93507090001367
100x8_U_1_100_S_49_rep_1.txt,5,5,499.0,8.05384230002528
100x8_U_1_100_S_49_rep_1.txt,6,6,502.0,7.85354419995565
100x8_U_1_100_S_49_rep_1.txt,7,7,474.0,9.48388040001737
100x8_U_1_100_S_49_rep_1.txt,8,8,530.0,9.050882400013506
100x8_U_1_100_S_49_rep_1.txt,9,9,488.0,8.438173500006087
100x8_U_1_100_S_49_rep_1.txt,10,10,521.0,7.9437720000278205
100x8_U_1_100_S_49_rep_1.txt,11,11,521.0,8.611939100024756
100x8_U_1_100_S_49_rep_1.txt,12,12,477.0,8.340096200001426
100x8_U_1_100_S_49_rep_1.txt,13,13,518.0,8.091719699965324
100x8_U_1_100_S_49_rep_1.txt,14,14,487.0,7.906828699982725
100x8_U_1_100_S_49_rep_1.txt,15,15,497.0,8.712396899994928
100x8_U_1_100_S_49_rep_1.txt,16,16,524.0,8.150718799966853
100x8_U_1_100_S_49_rep_1.txt,17,17,517.0,8.30805789999431
100x8_U_1_100_S_49_rep_1.txt,18,18,497.0,9.147515599965118
100x8_U_1_100_S_49_rep_1.txt,19,19,523.0,8.965774699987378
100x8_U_1_100_S_49_rep_1.txt,20,20,526.0,9.523681699996814
100x8_U_1_100_S_49_rep_1.txt,21,21,493.0,8.168548100045882
100x8_U_1_100_S_49_rep_1.txt,22,22,499.0,8.996583500003908
100x8_U_1_100_S_49_rep_1.txt,23,23,490.0,8.820866200025193
100x8_U_1_100_S_49_rep_1.txt,24,24,494.0,8.372651700046845
100x8_U_1_100_S_49_rep_1.txt,25,25,529.0,9.06010789994616
100x8_U_1_100_S_49_rep_1.txt,26,26,505.0,8.859242999984417
100x8_U_1_100_S_49_rep_1.txt,27,27,514.0,9.005137000000104
100x8_U_1_100_S_49_rep_1.txt,28,28,509.0,8.05977150000399
100x8_U_1_100_S_49_rep_1.txt,29,29,486.0,8.804671599995345
100x8_U_1_100_S_49_rep_1.txt,30,30,509.0,8.619310200039763
150x12_U_1_100_S_49_rep_1.txt,1,1,550.0,22.59517710004002
150x12_U_1_100_S_49_rep_1.txt,2,2,538.0,21.373013000003994
150x12_U_1_100_S_49_rep_1.txt,3,3,585.0,21.14260830002604
150x12_U_1_100_S_49_rep_1.txt,4,4,541.0,22.064407099969685
150x12_U_1_100_S_49_rep_1.txt,5,5,557.0,20.654841999989003
150x12_U_1_100_S_49_rep_1.txt,6,6,532.0,21.514846300007775
150x12_U_1_100_S_49_rep_1.txt,7,7,549.0,21.6527973000193
150x12_U_1_100_S_49_rep_1.txt,8,8,525.0,22.155987400037702
150x12_U_1_100_S_49_rep_1.txt,9,9,545.0,22.066502499976195
150x12_U_1_100_S_49_rep_1.txt,10,10,534.0,21.04490340000484
150x12_U_1_100_S_49_rep_1.txt,11,11,526.0,20.706886400002986
150x12_U_1_100_S_49_rep_1.txt,12,12,540.0,20.95912259997567
150x12_U_1_100_S_49_rep_1.txt,13,13,540.0,21.937207699986175
150x12_U_1_100_S_49_rep_1.txt,14,14,556.0,22.243534599954728
150x12_U_1_100_S_49_rep_1.txt,15,15,537.0,20.736689800047316
150x12_U_1_100_S_49_rep_1.txt,16,16,556.0,21.45616830000654
150x12_U_1_100_S_49_rep_1.txt,17,17,538.0,20.855325199954677
150x12_U_1_100_S_49_rep_1.txt,18,18,553.0,22.748046799970325
150x12_U_1_100_S_49_rep_1.txt,19,19,549.0,22.130215300014243
150x12_U_1_100_S_49_rep_1.txt,20,20,581.0,21.212800000037532
150x12_U_1_100_S_49_rep_1.txt,21,21,568.0,21.702813200012315
150x12_U_1_100_S_49_rep_1.txt,22,22,521.0,21.800371499964967
150x12_U_1_100_S_49_rep_1.txt,23,23,577.0,21.581460600020364
150x12_U_1_100_S_49_rep_1.txt,24,24,499.0,20.81763659999706
150x12_U_1_100_S_49_rep_1.txt,25,25,555.0,21.915270500001498
150x12_U_1_100_S_49_rep_1.txt,26,26,552.0,21.65520929999184
150x12_U_1_100_S_49_rep_1.txt,27,27,528.0,21.121741400042083
150x12_U_1_100_S_49_rep_1.txt,28,28,545.0,25.892664099985268
150x12_U_1_100_S_49_rep_1.txt,29,29,509.0,21.38768370001344
150x12_U_1_100_S_49_rep_1.txt,30,30,538.0,21.317924899980426
150x4_U_1_100_S_49_rep_1.txt,1,1,1400.0,28.07604389998596
150x4_U_1_100_S_49_rep_1.txt,2,2,1343.0,28.655100300034974
150x4_U_1_100_S_49_rep_1.txt,3,3,1406.0,28.707452400005423
150x4_U_1_100_S_49_rep_1.txt,4,4,1361.0,29.825835400028154
150x4_U_1_100_S_49_rep_1.txt,5,5,1403.0,28.519245499977842
150x4_U_1_100_S_49_rep_1.txt,6,6,1360.0,27.395617899950594
150x4_U_1_100_S_49_rep_1.txt,7,7,1371.0,29.49523300002329
150x4_U_1_100_S_49_rep_1.txt,8,8,1363.0,29.907398200011812
150x4_U_1_100_S_49_rep_1.txt,9,9,1393.0,29.73943610000424
150x4_U_1_100_S_49_rep_1.txt,10,10,1377.0,32.20381340000313
150x4_U_1_100_S_49_rep_1.txt,11,11,1356.0,25.099736899952404
150x4_U_1_100_S_49_rep_1.txt,12,12,1377.0,26.14744739996968
150x4_U_1_100_S_49_rep_1.txt,13,13,1374.0,27.282213300000876
150x4_U_1_100_S_49_rep_1.txt,14,14,1366.0,27.57397209998453
150x4_U_1_100_S_49_rep_1.txt,15,15,1341.0,27.189189600001555
150x4_U_1_100_S_49_rep_1.txt,16,16,1377.0,27.547961699950974
150x4_U_1_100_S_49_rep_1.txt,17,17,1370.0,29.56090540002333
150x4_U_1_100_S_49_rep_1.txt,18,18,1375.0,30.54221340001095
150x4_U_1_100_S_49_rep_1.txt,19,19,1302.0,28.25238050002372
150x4_U_1_100_S_49_rep_1.txt,20,20,1359.0,27.609328899998218
150x4_U_1_100_S_49_rep_1.txt,21,21,1355.0,23.670935600006487
150x4_U_1_100_S_49_rep_1.txt,22,22,1339.0,21.635795999958646
150x4_U_1_100_S_49_rep_1.txt,23,23,1384.0,18.625196199980564
150x4_U_1_100_S_49_rep_1.txt,24,24,1370.0,18.130702499998733
150x4_U_1_100_S_49_rep_1.txt,25,25,1346.0,18.564304400002584
150x4_U_1_100_S_49_rep_1.txt,26,26,1380.0,25.583530200005043
150x4_U_1_100_S_49_rep_1.txt,27,27,1386.0,22.881630200019572
150x4_U_1_100_S_49_rep_1.txt,28,28,1348.0,17.37348839995684
150x4_U_1_100_S_49_rep_1.txt,29,29,1308.0,22.584541000018362
150x4_U_1_100_S_49_rep_1.txt,30,30,1365.0,21.373285499983467
150x8_U_1_100_S_49_rep_1.txt,1,1,765.0,18.242689799983054
150x8_U_1_100_S_49_rep_1.txt,2,2,718.0,18.11385630001314
150x8_U_1_100_S_49_rep_1.txt,3,3,747.0,18.362913099990692
150x8_U_1_100_S_49_rep_1.txt,4,4,704.0,19.060447299969383
150x8_U_1_100_S_49_rep_1.txt,5,5,684.0,20.727388500003144
150x8_U_1_100_S_49_rep_1.txt,6,6,715.0,21.947408300009556
150x8_U_1_100_S_49_rep_1.txt,7,7,723.0,549.5422951999935
150x8_U_1_100_S_49_rep_1.txt,8,8,745.0,14.960202799993567
150x8_U_1_100_S_49_rep_1.txt,9,9,730.0,12.627885399968363
150x8_U_1_100_S_49_rep_1.txt,10,10,726.0,12.131156800023746
150x8_U_1_100_S_49_rep_1.txt,11,11,703.0,11.745908799988683
150x8_U_1_100_S_49_rep_1.txt,12,12,713.0,11.809609199990518
150x8_U_1_100_S_49_rep_1.txt,13,13,732.0,12.112599999993108
150x8_U_1_100_S_49_rep_1.txt,14,14,739.0,11.685700599977281
150x8_U_1_100_S_49_rep_1.txt,15,15,748.0,23.7829593999777
150x8_U_1_100_S_49_rep_1.txt,16,16,721.0,25.743611999962013
150x8_U_1_100_S_49_rep_1.txt,17,17,763.0,26.412484999978915
150x8_U_1_100_S_49_rep_1.txt,18,18,730.0,25.662751399970148
150x8_U_1_100_S_49_rep_1.txt,19,19,724.0,25.853937199979555
150x8_U_1_100_S_49_rep_1.txt,20,20,741.0,26.17206080001779
150x8_U_1_100_S_49_rep_1.txt,21,21,726.0,26.459593000006862
150x8_U_1_100_S_49_rep_1.txt,22,22,738.0,25.793975199980196
150x8_U_1_100_S_49_rep_1.txt,23,23,749.0,26.223190600052476
150x8_U_1_100_S_49_rep_1.txt,24,24,748.0,25.442343899980187
150x8_U_1_100_S_49_rep_1.txt,25,25,754.0,26.69054350000806
150x8_U_1_100_S_49_rep_1.txt,26,26,754.0,26.34195740002906
150x8_U_1_100_S_49_rep_1.txt,27,27,771.0,25.750354399962816
150x8_U_1_100_S_49_rep_1.txt,28,28,728.0,25.137867200013716
150x8_U_1_100_S_49_rep_1.txt,29,29,672.0,26.883457500021905
150x8_U_1_100_S_49_rep_1.txt,30,30,775.0,25.625728300015908
200x12_U_1_100_S_49_rep_1.txt,1,1,720.0,49.3420586999855
200x12_U_1_100_S_49_rep_1.txt,2,2,692.0,48.91680929996073
200x12_U_1_100_S_49_rep_1.txt,3,3,690.0,46.51303749997169
200x12_U_1_100_S_49_rep_1.txt,4,4,701.0,49.718303800036665
200x12_U_1_100_S_49_rep_1.txt,5,5,691.0,47.240409500023816
200x12_U_1_100_S_49_rep_1.txt,6,6,708.0,47.84703309996985
200x12_U_1_100_S_49_rep_1.txt,7,7,691.0,48.299275400000624
200x12_U_1_100_S_49_rep_1.txt,8,8,727.0,48.89101780002238
200x12_U_1_100_S_49_rep_1.txt,9,9,707.0,49.058398100023624
200x12_U_1_100_S_49_rep_1.txt,10,10,718.0,47.07351859996561
200x12_U_1_100_S_49_rep_1.txt,11,11,701.0,47.669229999999516
200x12_U_1_100_S_49_rep_1.txt,12,12,686.0,45.53488039999502
200x12_U_1_100_S_49_rep_1.txt,13,13,699.0,46.11887269996805
200x12_U_1_100_S_49_rep_1.txt,14,14,717.0,47.40025249996688
200x12_U_1_100_S_49_rep_1.txt,15,15,704.0,49.98814869998023
200x12_U_1_100_S_49_rep_1.txt,16,16,689.0,48.33681860001525
200x12_U_1_100_S_49_rep_1.txt,17,17,703.0,47.67745309998281
200x12_U_1_100_S_49_rep_1.txt,18,18,720.0,45.87040379998507
200x12_U_1_100_S_49_rep_1.txt,19,19,688.0,50.3444808999775
200x12_U_1_100_S_49_rep_1.txt,20,20,720.0,49.43191289994866
200x12_U_1_100_S_49_rep_1.txt,21,21,713.0,48.66899400000693
200x12_U_1_100_S_49_rep_1.txt,22,22,687.0,45.931301400007214
200x12_U_1_100_S_49_rep_1.txt,23,23,700.0,47.31905920000281
200x12_U_1_100_S_49_rep_1.txt,24,24,722.0,43.596073399996385
200x12_U_1_100_S_49_rep_1.txt,25,25,701.0,43.57471010001609
200x12_U_1_100_S_49_rep_1.txt,26,26,680.0,40.43432980001671
200x12_U_1_100_S_49_rep_1.txt,27,27,725.0,48.15374559996417
200x12_U_1_100_S_49_rep_1.txt,28,28,701.0,47.39562999998452
200x12_U_1_100_S_49_rep_1.txt,29,29,705.0,46.64126290002605
200x12_U_1_100_S_49_rep_1.txt,30,30,687.0,47.17997480003396
200x4_U_1_100_S_49_rep_1.txt,1,1,1808.0,65.90633989998605
200x4_U_1_100_S_49_rep_1.txt,2,2,1753.0,68.44623619999038
200x4_U_1_100_S_49_rep_1.txt,3,3,1758.0,69.60143929999322
200x4_U_1_100_S_49_rep_1.txt,4,4,1740.0,66.3789399000234
200x4_U_1_100_S_49_rep_1.txt,5,5,1757.0,68.88186620001215
200x4_U_1_100_S_49_rep_1.txt,6,6,1740.0,65.60447200003546
200x4_U_1_100_S_49_rep_1.txt,7,7,1746.0,63.88653910002904
200x4_U_1_100_S_49_rep_1.txt,8,8,1787.0,63.93032519996632
200x4_U_1_100_S_49_rep_1.txt,9,9,1775.0,138.07229029998416
200x4_U_1_100_S_49_rep_1.txt,10,10,1740.0,158.11214250000194
200x4_U_1_100_S_49_rep_1.txt,11,11,1722.0,138.5190974000143
200x4_U_1_100_S_49_rep_1.txt,12,12,1737.0,147.8016537000076
200x4_U_1_100_S_49_rep_1.txt,13,13,1783.0,144.3077600999968
200x4_U_1_100_S_49_rep_1.txt,14,14,1720.0,126.92821860004915
200x4_U_1_100_S_49_rep_1.txt,15,15,1725.0,127.30376059998525
200x4_U_1_100_S_49_rep_1.txt,16,16,1770.0,152.78765439998824
200x4_U_1_100_S_49_rep_1.txt,17,17,1738.0,143.545194300008
200x4_U_1_100_S_49_rep_1.txt,18,18,1731.0,133.54429349995917
200x4_U_1_100_S_49_rep_1.txt,19,19,1705.0,129.2657945000101
200x4_U_1_100_S_49_rep_1.txt,20,20,1731.0,126.8013977999799
200x4_U_1_100_S_49_rep_1.txt,21,21,1673.0,133.92606589995557
200x4_U_1_100_S_49_rep_1.txt,22,22,1716.0,128.84254969999893
200x4_U_1_100_S_49_rep_1.txt,23,23,1771.0,134.91285690001678
200x4_U_1_100_S_49_rep_1.txt,24,24,1726.0,1029.9848051000154
200x4_U_1_100_S_49_rep_1.txt,25,25,1774.0,31.896528200013563
200x4_U_1_100_S_49_rep_1.txt,26,26,1796.0,37.3562589000212
200x4_U_1_100_S_49_rep_1.txt,27,27,1731.0,76.97592410002835
200x4_U_1_100_S_49_rep_1.txt,28,28,1712.0,69.98796150000999
200x4_U_1_100_S_49_rep_1.txt,29,29,1794.0,65.72092240001075
200x4_U_1_100_S_49_rep_1.txt,30,30,1744.0,71.63520380004775
200x8_U_1_100_S_49_rep_1.txt,1,1,969.0,57.52652090002084
200x8_U_1_100_S_49_rep_1.txt,2,2,974.0,76.51003569999011
200x8_U_1_100_S_49_rep_1.txt,3,3,904.0,79.20554669998819
200x8_U_1_100_S_49_rep_1.txt,4,4,889.0,68.11612530000275
200x8_U_1_100_S_49_rep_1.txt,5,5,937.0,99.64024869998684
200x8_U_1_100_S_49_rep_1.txt,6,6,938.0,96.02883500000462
200x8_U_1_100_S_49_rep_1.txt,7,7,918.0,81.09973729995545
200x8_U_1_100_S_49_rep_1.txt,8,8,937.0,64.29345769999782
200x8_U_1_100_S_49_rep_1.txt,9,9,908.0,59.521252600010484
200x8_U_1_100_S_49_rep_1.txt,10,10,1014.0,58.84037419996457
200x8_U_1_100_S_49_rep_1.txt,11,11,981.0,58.86224649997894
200x8_U_1_100_S_49_rep_1.txt,12,12,967.0,60.34679189999588
200x8_U_1_100_S_49_rep_1.txt,13,13,909.0,58.7480073000188
200x8_U_1_100_S_49_rep_1.txt,14,14,955.0,57.67619799997192
200x8_U_1_100_S_49_rep_1.txt,15,15,965.0,60.025395299948286
200x8_U_1_100_S_49_rep_1.txt,16,16,982.0,59.501155900012236
200x8_U_1_100_S_49_rep_1.txt,17,17,993.0,57.62928679998731
200x8_U_1_100_S_49_rep_1.txt,18,18,986.0,60.99242360005155
200x8_U_1_100_S_49_rep_1.txt,19,19,965.0,61.134979300026316
200x8_U_1_100_S_49_rep_1.txt,20,20,960.0,58.57001440000022
200x8_U_1_100_S_49_rep_1.txt,21,21,968.0,59.47057130001485
200x8_U_1_100_S_49_rep_1.txt,22,22,967.0,60.87151230004383
200x8_U_1_100_S_49_rep_1.txt,23,23,1001.0,72.96398589998716
200x8_U_1_100_S_49_rep_1.txt,24,24,972.0,105.40405610000016
200x8_U_1_100_S_49_rep_1.txt,25,25,920.0,105.09453870001016
200x8_U_1_100_S_49_rep_1.txt,26,26,906.0,56.544974700023886
200x8_U_1_100_S_49_rep_1.txt,27,27,1001.0,61.01401549996808
200x8_U_1_100_S_49_rep_1.txt,28,28,961.0,56.047271299990825
200x8_U_1_100_S_49_rep_1.txt,29,29,970.0,64.53285509999841
200x8_U_1_100_S_49_rep_1.txt,30,30,942.0,57.28359549999004
250x12_U_1_100_S_49_rep_1.txt,1,1,904.0,128.59428540000226
250x12_U_1_100_S_49_rep_1.txt,2,2,910.0,140.8488305999781
250x12_U_1_100_S_49_rep_1.txt,3,3,880.0,88.34080939996056
250x12_U_1_100_S_49_rep_1.txt,4,4,885.0,89.54156039998634
250x12_U_1_100_S_49_rep_1.txt,5,5,865.0,89.16948159999447
250x12_U_1_100_S_49_rep_1.txt,6,6,864.0,89.86589200003073
250x12_U_1_100_S_49_rep_1.txt,7,7,915.0,87.42056500003673
250x12_U_1_100_S_49_rep_1.txt,8,8,882.0,130.67852369998582
250x12_U_1_100_S_49_rep_1.txt,9,9,891.0,112.62412709998898
250x12_U_1_100_S_49_rep_1.txt,10,10,910.0,88.6397125000367
250x12_U_1_100_S_49_rep_1.txt,11,11,926.0,88.70757970004342
250x12_U_1_100_S_49_rep_1.txt,12,12,919.0,114.33820609998656
250x12_U_1_100_S_49_rep_1.txt,13,13,833.0,89.75368309998885
250x12_U_1_100_S_49_rep_1.txt,14,14,896.0,89.05955549998907
250x12_U_1_100_S_49_rep_1.txt,15,15,896.0,96.40913749998435
250x12_U_1_100_S_49_rep_1.txt,16,16,939.0,92.19416569999885
250x12_U_1_100_S_49_rep_1.txt,17,17,921.0,87.51729629997863
250x12_U_1_100_S_49_rep_1.txt,18,18,931.0,89.45227670000168
250x12_U_1_100_S_49_rep_1.txt,19,19,935.0,111.82850589998998
250x12_U_1_100_S_49_rep_1.txt,20,20,942.0,91.40566440002294
250x12_U_1_100_S_49_rep_1.txt,21,21,842.0,87.48113740002736
250x12_U_1_100_S_49_rep_1.txt,22,22,896.0,100.08920180000132
250x12_U_1_100_S_49_rep_1.txt,23,23,933.0,131.60662589996355
250x12_U_1_100_S_49_rep_1.txt,24,24,951.0,90.86127400002442
250x12_U_1_100_S_49_rep_1.txt,25,25,900.0,92.43508769996697
250x12_U_1_100_S_49_rep_1.txt,26,26,904.0,113.60725739999907
250x12_U_1_100_S_49_rep_1.txt,27,27,924.0,95.83983900002204
250x12_U_1_100_S_49_rep_1.txt,28,28,921.0,94.91675490001217
250x12_U_1_100_S_49_rep_1.txt,29,29,930.0,113.96596930001397
250x12_U_1_100_S_49_rep_1.txt,30,30,906.0,90.62980989995413
250x4_U_1_100_S_49_rep_1.txt,1,1,2229.0,112.39684569998644
250x4_U_1_100_S_49_rep_1.txt,2,2,2236.0,135.37482589995489
250x4_U_1_100_S_49_rep_1.txt,3,3,2277.0,127.25430299999425
250x4_U_1_100_S_49_rep_1.txt,4,4,2205.0,120.52393929997925
250x4_U_1_100_S_49_rep_1.txt,5,5,2162.0,118.52464330004295
250x4_U_1_100_S_49_rep_1.txt,6,6,2236.0,120.09750819997862
250x4_U_1_100_S_49_rep_1.txt,7,7,2268.0,116.35648289998062
250x4_U_1_100_S_49_rep_1.txt,8,8,2202.0,102.76604950003093
250x4_U_1_100_S_49_rep_1.txt,9,9,2187.0,103.66696689999662
250x4_U_1_100_S_49_rep_1.txt,10,10,2243.0,104.66573459998472
250x4_U_1_100_S_49_rep_1.txt,11,11,2214.0,211.93532580003375
250x4_U_1_100_S_49_rep_1.txt,12,12,2274.0,79.7529236000264
250x4_U_1_100_S_49_rep_1.txt,13,13,2188.0,112.06418889999622
250x4_U_1_100_S_49_rep_1.txt,14,14,2251.0,119.23895849997643
250x4_U_1_100_S_49_rep_1.txt,15,15,2219.0,99.215936099994
250x4_U_1_100_S_49_rep_1.txt,16,16,2292.0,98.61960099998396
250x4_U_1_100_S_49_rep_1.txt,17,17,2248.0,101.52918670000508
250x4_U_1_100_S_49_rep_1.txt,18,18,2166.0,311.1577261000057
250x4_U_1_100_S_49_rep_1.txt,19,19,2222.0,55.21495200000936
250x4_U_1_100_S_49_rep_1.txt,20,20,2268.0,107.05020180001156
250x4_U_1_100_S_49_rep_1.txt,21,21,2272.0,115.09854129998712
250x4_U_1_100_S_49_rep_1.txt,22,22,2267.0,103.32936079998035
250x4_U_1_100_S_49_rep_1.txt,23,23,2167.0,104.07905559998471
250x4_U_1_100_S_49_rep_1.txt,24,24,2260.0,103.40959700004896
250x4_U_1_100_S_49_rep_1.txt,25,25,2267.0,101.85444930003723
250x4_U_1_100_S_49_rep_1.txt,26,26,2244.0,63.85933579999255
250x4_U_1_100_S_49_rep_1.txt,27,27,2227.0,115.78356589999748
250x4_U_1_100_S_49_rep_1.txt,28,28,2232.0,117.07066730002407
250x4_U_1_100_S_49_rep_1.txt,29,29,2293.0,104.24952880002093
250x4_U_1_100_S_49_rep_1.txt,30,30,2231.0,100.46734009997454
250x8_U_1_100_S_49_rep_1.txt,1,1,1245.0,347.8238905000035
250x8_U_1_100_S_49_rep_1.txt,2,2,1192.0,52.68012999999337
250x8_U_1_100_S_49_rep_1.txt,3,3,1227.0,84.8281831999775
250x8_U_1_100_S_49_rep_1.txt,4,4,1136.0,106.93861700000707
250x8_U_1_100_S_49_rep_1.txt,5,5,1227.0,108.05227810004726
250x8_U_1_100_S_49_rep_1.txt,6,6,1202.0,101.93548559996998
250x8_U_1_100_S_49_rep_1.txt,7,7,1260.0,112.88495599996531
250x8_U_1_100_S_49_rep_1.txt,8,8,1190.0,141.47179629997117
250x8_U_1_100_S_49_rep_1.txt,9,9,1212.0,181.67670090001775
250x8_U_1_100_S_49_rep_1.txt,10,10,1180.0,565.1000094000483
250x8_U_1_100_S_49_rep_1.txt,11,11,1183.0,59.82317190000322
250x8_U_1_100_S_49_rep_1.txt,12,12,1152.0,120.14726220001467
250x8_U_1_100_S_49_rep_1.txt,13,13,1216.0,181.34741990000475
250x8_U_1_100_S_49_rep_1.txt,14,14,1202.0,183.7303455999936
250x8_U_1_100_S_49_rep_1.txt,15,15,1179.0,186.92533359996742
250x8_U_1_100_S_49_rep_1.txt,16,16,1172.0,205.84498350002104
250x8_U_1_100_S_49_rep_1.txt,17,17,1223.0,237.79495199996745
250x8_U_1_100_S_49_rep_1.txt,18,18,1155.0,231.8819092999911
250x8_U_1_100_S_49_rep_1.txt,19,19,1213.0,211.6433757999912
250x8_U_1_100_S_49_rep_1.txt,20,20,1146.0,221.57518490002258
250x8_U_1_100_S_49_rep_1.txt,21,21,1222.0,127.4037432000041
250x8_U_1_100_S_49_rep_1.txt,22,22,1202.0,126.6981928999885
250x8_U_1_100_S_49_rep_1.txt,23,23,1187.0,180.2943809000426
250x8_U_1_100_S_49_rep_1.txt,24,24,1183.0,203.09600130002946
250x8_U_1_100_S_49_rep_1.txt,25,25,1169.0,171.84056569996756
250x8_U_1_100_S_49_rep_1.txt,26,26,1189.0,219.68069840001408
250x8_U_1_100_S_49_rep_1.txt,27,27,1183.0,233.5178146000253
250x8_U_1_100_S_49_rep_1.txt,28,28,1198.0,187.60200250003254
250x8_U_1_100_S_49_rep_1.txt,29,29,1204.0,124.2470926999813
250x8_U_1_100_S_49_rep_1.txt,30,30,1235.0,126.64750520000234
50x12_U_1_100_S_49_rep_1.txt,1,1,186.0,1.299445000011474
50x12_U_1_100_S_49_rep_1.txt,2,2,178.0,1.2339556000079028
50x12_U_1_100_S_49_rep_1.txt,3,3,178.0,1.3003633000189438
50x12_U_1_100_S_49_rep_1.txt,4,4,175.0,1.2767229999881238
50x12_U_1_100_S_49_rep_1.txt,5,5,190.0,2.022880000004079
50x12_U_1_100_S_49_rep_1.txt,6,6,193.0,2.242632200010121
50x12_U_1_100_S_49_rep_1.txt,7,7,194.0,2.2501069999998435
50x12_U_1_100_S_49_rep_1.txt,8,8,189.0,2.1721941999858245
50x12_U_1_100_S_49_rep_1.txt,9,9,179.0,2.29119640000863
50x12_U_1_100_S_49_rep_1.txt,10,10,171.0,2.1659312000265345
50x12_U_1_100_S_49_rep_1.txt,11,11,177.0,2.3819122999557294
50x12_U_1_100_S_49_rep_1.txt,12,12,183.0,2.2293993000057526
50x12_U_1_100_S_49_rep_1.txt,13,13,189.0,2.0561954000149854
50x12_U_1_100_S_49_rep_1.txt,14,14,193.0,2.2254555999534205
50x12_U_1_100_S_49_rep_1.txt,15,15,185.0,2.0374698999803513
50x12_U_1_100_S_49_rep_1.txt,16,16,193.0,2.087758500012569
50x12_U_1_100_S_49_rep_1.txt,17,17,183.0,1.926223399990704
50x12_U_1_100_S_49_rep_1.txt,18,18,171.0,1.8381988999899477
50x12_U_1_100_S_49_rep_1.txt,19,19,194.0,1.7913828000309877
50x12_U_1_100_S_49_rep_1.txt,20,20,172.0,1.9836119000101462
50x12_U_1_100_S_49_rep_1.txt,21,21,180.0,2.038881800021045
50x12_U_1_100_S_49_rep_1.txt,22,22,207.0,1.967749500006903
50x12_U_1_100_S_49_rep_1.txt,23,23,193.0,1.231961399957072
50x12_U_1_100_S_49_rep_1.txt,24,24,174.0,1.2588264999794774
50x12_U_1_100_S_49_rep_1.txt,25,25,181.0,1.344877599971369
50x12_U_1_100_S_49_rep_1.txt,26,26,186.0,1.214805499999784
50x12_U_1_100_S_49_rep_1.txt,27,27,194.0,1.243728600034956
50x12_U_1_100_S_49_rep_1.txt,28,28,169.0,1.3180538000306115
50x12_U_1_100_S_49_rep_1.txt,29,29,195.0,1.3280030000023544
50x12_U_1_100_S_49_rep_1.txt,30,30,180.0,1.1156715999823064
50x4_U_1_100_S_49_rep_1.txt,1,1,432.0,1.485754600027576
50x4_U_1_100_S_49_rep_1.txt,2,2,430.0,1.3101690000039525
50x4_U_1_100_S_49_rep_1.txt,3,3,415.0,1.3129598000086844
50x4_U_1_100_S_49_rep_1.txt,4,4,420.0,1.370449100038968
50x4_U_1_100_S_49_rep_1.txt,5,5,413.0,1.4008049000403844
50x4_U_1_100_S_49_rep_1.txt,6,6,395.0,1.2978334000217728
50x4_U_1_100_S_49_rep_1.txt,7,7,422.0,1.2798581999959424
50x4_U_1_100_S_49_rep_1.txt,8,8,434.0,1.4409275999641977
50x4_U_1_100_S_49_rep_1.txt,9,9,420.0,1.4358637999976054
50x4_U_1_100_S_49_rep_1.txt,10,10,411.0,1.513182099966798
50x4_U_1_100_S_49_rep_1.txt,11,11,395.0,1.367093599983491
50x4_U_1_100_S_49_rep_1.txt,12,12,427.0,1.564441700000316
50x4_U_1_100_S_49_rep_1.txt,13,13,394.0,1.3824187999707647
50x4_U_1_100_S_49_rep_1.txt,14,14,400.0,1.2846994000137784
50x4_U_1_100_S_49_rep_1.txt,15,15,427.0,1.414598000003025
50x4_U_1_100_S_49_rep_1.txt,16,16,425.0,1.2282308000139892
50x4_U_1_100_S_49_rep_1.txt,17,17,402.0,1.4507229000446387
50x4_U_1_100_S_49_rep_1.txt,18,18,422.0,1.4508958000224084
50x4_U_1_100_S_49_rep_1.txt,19,19,432.0,1.5378907999838702
50x4_U_1_100_S_49_rep_1.txt,20,20,424.0,1.5545646999962628
50x4_U_1_100_S_49_rep_1.txt,21,21,405.0,1.4898907000315376
50x4_U_1_100_S_49_rep_1.txt,22,22,406.0,1.404928400006611
50x4_U_1_100_S_49_rep_1.txt,23,23,389.0,1.5176996999653056
50x4_U_1_100_S_49_rep_1.txt,24,24,428.0,1.5246801999746822
50x4_U_1_100_S_49_rep_1.txt,25,25,430.0,1.47027429996524
50x4_U_1_100_S_49_rep_1.txt,26,26,423.0,1.4782191999838687
50x4_U_1_100_S_49_rep_1.txt,27,27,402.0,1.5465797999640927
50x4_U_1_100_S_49_rep_1.txt,28,28,413.0,1.6532536000013351
50x4_U_1_100_S_49_rep_1.txt,29,29,389.0,1.5835631999652833
50x4_U_1_100_S_49_rep_1.txt,30,30,424.0,1.5811420999816619
50x8_U_1_100_S_49_rep_1.txt,1,1,245.0,1.8214895999990404
50x8_U_1_100_S_49_rep_1.txt,2,2,242.0,1.4928317000158131
50x8_U_1_100_S_49_rep_1.txt,3,3,241.0,1.6486695999628864
50x8_U_1_100_S_49_rep_1.txt,4,4,259.0,1.4856785999727435
50x8_U_1_100_S_49_rep_1.txt,5,5,244.0,1.4978288999991491
50x8_U_1_100_S_49_rep_1.txt,6,6,217.0,1.48396560002584
50x8_U_1_100_S_49_rep_1.txt,7,7,231.0,1.4042797000147402
50x8_U_1_100_S_49_rep_1.txt,8,8,243.0,1.4610463000135496
50x8_U_1_100_S_49_rep_1.txt,9,9,236.0,1.6330176999908872
50x8_U_1_100_S_49_rep_1.txt,10,10,255.0,1.562393100000918
50x8_U_1_100_S_49_rep_1.txt,11,11,225.0,1.431237399985548
50x8_U_1_100_S_49_rep_1.txt,12,12,237.0,1.4973375999834388
50x8_U_1_100_S_49_rep_1.txt,13,13,237.0,1.541926699981559
50x8_U_1_100_S_49_rep_1.txt,14,14,250.0,1.4245626999763772
50x8_U_1_100_S_49_rep_1.txt,15,15,249.0,1.4528235999750905
50x8_U_1_100_S_49_rep_1.txt,16,16,237.0,1.4016918000415899
50x8_U_1_100_S_49_rep_1.txt,17,17,247.0,1.47167299996363
50x8_U_1_100_S_49_rep_1.txt,18,18,257.0,1.2775799999944866
50x8_U_1_100_S_49_rep_1.txt,19,19,232.0,1.202239100006409
50x8_U_1_100_S_49_rep_1.txt,20,20,236.0,1.268455300014466
50x8_U_1_100_S_49_rep_1.txt,21,21,230.0,1.2609096000087447
50x8_U_1_100_S_49_rep_1.txt,22,22,255.0,1.3120431000133976
50x8_U_1_100_S_49_rep_1.txt,23,23,241.0,1.4341703000245616
50x8_U_1_100_S_49_rep_1.txt,24,24,238.0,1.4377808999852277
50x8_U_1_100_S_49_rep_1.txt,25,25,260.0,1.4714782000519335
50x8_U_1_100_S_49_rep_1.txt,26,26,240.0,1.36423669999931
50x8_U_1_100_S_49_rep_1.txt,27,27,249.0,1.3821643000119366
50x8_U_1_100_S_49_rep_1.txt,28,28,238.0,1.4070377000025474
50x8_U_1_100_S_49_rep_1.txt,29,29,253.0,1.3904158000368625
50x8_U_1_100_S_49_rep_1.txt,30,30,246.0,1.372292699990794
